time,node,sfc_1,sfc_2,sfc_3
0,pop0,0.008381079680773278,0.08202149325694383,1
0,pop1,0.008381079680773278,0.08202149325694383,1
0,pop2,0.008381079680773278,0.08202149325694383,1
0,pop3,0.008381079680773278,0.08202149325694383,1
0,pop4,0.008381079680773278,0.08202149325694383,1
0,pop5,0.008381079680773278,0.08202149325694383,1
0,pop6,0.008381079680773278,0.08202149325694383,1
0,pop7,0.008381079680773278,0.08202149325694383,1
100,pop0,0.008250026072167835,0.09140518943710192,1
100,pop1,0.008250026072167835,0.09140518943710192,1
100,pop2,0.008250026072167835,0.09140518943710192,1
100,pop3,0.008250026072167835,0.09140518943710192,1
100,pop4,0.008250026072167835,0.09140518943710192,1
100,pop5,0.008250026072167835,0.09140518943710192,1
100,pop6,0.008250026072167835,0.09140518943710192,1
100,pop7,0.008250026072167835,0.09140518943710192,1
200,pop0,0.008267873483380529,0.10031006887865647,1
200,pop1,0.008267873483380529,0.10031006887865647,1
200,pop2,0.008267873483380529,0.10031006887865647,1
200,pop3,0.008267873483380529,0.10031006887865647,1
200,pop4,0.008267873483380529,0.10031006887865647,1
200,pop5,0.008267873483380529,0.10031006887865647,1
200,pop6,0.008267873483380529,0.10031006887865647,1
200,pop7,0.008267873483380529,0.10031006887865647,1
300,pop0,0.007894716080747296,0.10977640677235534,1
300,pop1,0.007894716080747296,0.10977640677235534,1
300,pop2,0.007894716080747296,0.10977640677235534,1
300,pop3,0.007894716080747296,0.10977640677235534,1
300,pop4,0.007894716080747296,0.10977640677235534,1
300,pop5,0.007894716080747296,0.10977640677235534,1
300,pop6,0.007894716080747296,0.10977640677235534,1
300,pop7,0.007894716080747296,0.10977640677235534,1
400,pop0,0.006825471447651249,0.12021851512776671,1
400,pop1,0.006825471447651249,0.12021851512776671,1
400,pop2,0.006825471447651249,0.12021851512776671,1
400,pop3,0.006825471447651249,0.12021851512776671,1
400,pop4,0.006825471447651249,0.12021851512776671,1
400,pop5,0.006825471447651249,0.12021851512776671,1
400,pop6,0.006825471447651249,0.12021851512776671,1
400,pop7,0.006825471447651249,0.12021851512776671,1
500,pop0,0.007294666900530004,0.13725852936672733,1
500,pop1,0.007294666900530004,0.13725852936672733,1
500,pop2,0.007294666900530004,0.13725852936672733,1
500,pop3,0.007294666900530004,0.13725852936672733,1
500,pop4,0.007294666900530004,0.13725852936672733,1
500,pop5,0.007294666900530004,0.13725852936672733,1
500,pop6,0.007294666900530004,0.13725852936672733,1
500,pop7,0.007294666900530004,0.13725852936672733,1
600,pop0,0.006749029029035159,0.15200643244568818,1
600,pop1,0.006749029029035159,0.15200643244568818,1
600,pop2,0.006749029029035159,0.15200643244568818,1
600,pop3,0.006749029029035159,0.15200643244568818,1
600,pop4,0.006749029029035159,0.15200643244568818,1
600,pop5,0.006749029029035159,0.15200643244568818,1
600,pop6,0.006749029029035159,0.15200643244568818,1
600,pop7,0.006749029029035159,0.15200643244568818,1
700,pop0,0.006286838776008996,0.17109937924892005,1
700,pop1,0.006286838776008996,0.17109937924892005,1
700,pop2,0.006286838776008996,0.17109937924892005,1
700,pop3,0.006286838776008996,0.17109937924892005,1
700,pop4,0.006286838776008996,0.17109937924892005,1
700,pop5,0.006286838776008996,0.17109937924892005,1
700,pop6,0.006286838776008996,0.17109937924892005,1
700,pop7,0.006286838776008996,0.17109937924892005,1
800,pop0,0.006107730432236126,0.18920857336799993,1
800,pop1,0.006107730432236126,0.18920857336799993,1
800,pop2,0.006107730432236126,0.18920857336799993,1
800,pop3,0.006107730432236126,0.18920857336799993,1
800,pop4,0.006107730432236126,0.18920857336799993,1
800,pop5,0.006107730432236126,0.18920857336799993,1
800,pop6,0.006107730432236126,0.18920857336799993,1
800,pop7,0.006107730432236126,0.18920857336799993,1
900,pop0,0.005558107079901085,0.2106982667043002,1
900,pop1,0.005558107079901085,0.2106982667043002,1
900,pop2,0.005558107079901085,0.2106982667043002,1
900,pop3,0.005558107079901085,0.2106982667043002,1
900,pop4,0.005558107079901085,0.2106982667043002,1
900,pop5,0.005558107079901085,0.2106982667043002,1
900,pop6,0.005558107079901085,0.2106982667043002,1
900,pop7,0.005558107079901085,0.2106982667043002,1
1000,pop0,0.005521161478272413,0.2300534899365303,1
1000,pop1,0.005521161478272413,0.2300534899365303,1
1000,pop2,0.005521161478272413,0.2300534899365303,1
1000,pop3,0.005521161478272413,0.2300534899365303,1
1000,pop4,0.005521161478272413,0.2300534899365303,1
1000,pop5,0.005521161478272413,0.2300534899365303,1
1000,pop6,0.005521161478272413,0.2300534899365303,1
1000,pop7,0.005521161478272413,0.2300534899365303,1
1100,pop0,0.0048940069212057595,0.2459353426564725,1
1100,pop1,0.0048940069212057595,0.2459353426564725,1
1100,pop2,0.0048940069212057595,0.2459353426564725,1
1100,pop3,0.0048940069212057595,0.2459353426564725,1
1100,pop4,0.0048940069212057595,0.2459353426564725,1
1100,pop5,0.0048940069212057595,0.2459353426564725,1
1100,pop6,0.0048940069212057595,0.2459353426564725,1
1100,pop7,0.0048940069212057595,0.2459353426564725,1
1200,pop0,0.003918856811501115,0.2563949049788499,1
1200,pop1,0.003918856811501115,0.2563949049788499,1
1200,pop2,0.003918856811501115,0.2563949049788499,1
1200,pop3,0.003918856811501115,0.2563949049788499,1
1200,pop4,0.003918856811501115,0.2563949049788499,1
1200,pop5,0.003918856811501115,0.2563949049788499,1
1200,pop6,0.003918856811501115,0.2563949049788499,1
1200,pop7,0.003918856811501115,0.2563949049788499,1
1300,pop0,0.0027572689896432565,0.26578594171066294,1
1300,pop1,0.0027572689896432565,0.26578594171066294,1
1300,pop2,0.0027572689896432565,0.26578594171066294,1
1300,pop3,0.0027572689896432565,0.26578594171066294,1
1300,pop4,0.0027572689896432565,0.26578594171066294,1
1300,pop5,0.0027572689896432565,0.26578594171066294,1
1300,pop6,0.0027572689896432565,0.26578594171066294,1
1300,pop7,0.0027572689896432565,0.26578594171066294,1
1400,pop0,0.0031957789424079124,0.27639766859027914,1
1400,pop1,0.0031957789424079124,0.27639766859027914,1
1400,pop2,0.0031957789424079124,0.27639766859027914,1
1400,pop3,0.0031957789424079124,0.27639766859027914,1
1400,pop4,0.0031957789424079124,0.27639766859027914,1
1400,pop5,0.0031957789424079124,0.27639766859027914,1
1400,pop6,0.0031957789424079124,0.27639766859027914,1
1400,pop7,0.0031957789424079124,0.27639766859027914,1
1500,pop0,0.0029179048835476433,0.2779755921797295,1
1500,pop1,0.0029179048835476433,0.2779755921797295,1
1500,pop2,0.0029179048835476433,0.2779755921797295,1
1500,pop3,0.0029179048835476433,0.2779755921797295,1
1500,pop4,0.0029179048835476433,0.2779755921797295,1
1500,pop5,0.0029179048835476433,0.2779755921797295,1
1500,pop6,0.0029179048835476433,0.2779755921797295,1
1500,pop7,0.0029179048835476433,0.2779755921797295,1
1600,pop0,0.0028530677548832166,0.27793828226864603,1
1600,pop1,0.0028530677548832166,0.27793828226864603,1
1600,pop2,0.0028530677548832166,0.27793828226864603,1
1600,pop3,0.0028530677548832166,0.27793828226864603,1
1600,pop4,0.0028530677548832166,0.27793828226864603,1
1600,pop5,0.0028530677548832166,0.27793828226864603,1
1600,pop6,0.0028530677548832166,0.27793828226864603,1
1600,pop7,0.0028530677548832166,0.27793828226864603,1
1700,pop0,0.0029862836449599302,0.2699002028554031,1
1700,pop1,0.0029862836449599302,0.2699002028554031,1
1700,pop2,0.0029862836449599302,0.2699002028554031,1
1700,pop3,0.0029862836449599302,0.2699002028554031,1
1700,pop4,0.0029862836449599302,0.2699002028554031,1
1700,pop5,0.0029862836449599302,0.2699002028554031,1
1700,pop6,0.0029862836449599302,0.2699002028554031,1
1700,pop7,0.0029862836449599302,0.2699002028554031,1
1800,pop0,0.0035726810182999703,0.25460687756531214,1
1800,pop1,0.0035726810182999703,0.25460687756531214,1
1800,pop2,0.0035726810182999703,0.25460687756531214,1
1800,pop3,0.0035726810182999703,0.25460687756531214,1
1800,pop4,0.0035726810182999703,0.25460687756531214,1
1800,pop5,0.0035726810182999703,0.25460687756531214,1
1800,pop6,0.0035726810182999703,0.25460687756531214,1
1800,pop7,0.0035726810182999703,0.25460687756531214,1
1900,pop0,0.0038578095751076497,0.23610038922557697,1
1900,pop1,0.0038578095751076497,0.23610038922557697,1
1900,pop2,0.0038578095751076497,0.23610038922557697,1
1900,pop3,0.0038578095751076497,0.23610038922557697,1
1900,pop4,0.0038578095751076497,0.23610038922557697,1
1900,pop5,0.0038578095751076497,0.23610038922557697,1
1900,pop6,0.0038578095751076497,0.23610038922557697,1
1900,pop7,0.0038578095751076497,0.23610038922557697,1
2000,pop0,0.0037882047590437813,0.21886069882665318,1
2000,pop1,0.0037882047590437813,0.21886069882665318,1
2000,pop2,0.0037882047590437813,0.21886069882665318,1
2000,pop3,0.0037882047590437813,0.21886069882665318,1
2000,pop4,0.0037882047590437813,0.21886069882665318,1
2000,pop5,0.0037882047590437813,0.21886069882665318,1
2000,pop6,0.0037882047590437813,0.21886069882665318,1
2000,pop7,0.0037882047590437813,0.21886069882665318,1
2100,pop0,0.006607041133281126,0.20230536027422752,1
2100,pop1,0.006607041133281126,0.20230536027422752,1
2100,pop2,0.006607041133281126,0.20230536027422752,1
2100,pop3,0.006607041133281126,0.20230536027422752,1
2100,pop4,0.006607041133281126,0.20230536027422752,1
2100,pop5,0.006607041133281126,0.20230536027422752,1
2100,pop6,0.006607041133281126,0.20230536027422752,1
2100,pop7,0.006607041133281126,0.20230536027422752,1
2200,pop0,0.015053267666543942,0.19400590180109642,1
2200,pop1,0.015053267666543942,0.19400590180109642,1
2200,pop2,0.015053267666543942,0.19400590180109642,1
2200,pop3,0.015053267666543942,0.19400590180109642,1
2200,pop4,0.015053267666543942,0.19400590180109642,1
2200,pop5,0.015053267666543942,0.19400590180109642,1
2200,pop6,0.015053267666543942,0.19400590180109642,1
2200,pop7,0.015053267666543942,0.19400590180109642,1
2300,pop0,0.019533019341165893,0.18905323810590377,1
2300,pop1,0.019533019341165893,0.18905323810590377,1
2300,pop2,0.019533019341165893,0.18905323810590377,1
2300,pop3,0.019533019341165893,0.18905323810590377,1
2300,pop4,0.019533019341165893,0.18905323810590377,1
2300,pop5,0.019533019341165893,0.18905323810590377,1
2300,pop6,0.019533019341165893,0.18905323810590377,1
2300,pop7,0.019533019341165893,0.18905323810590377,1
2400,pop0,0.025924289657583557,0.1923263044316051,1
2400,pop1,0.025924289657583557,0.1923263044316051,1
2400,pop2,0.025924289657583557,0.1923263044316051,1
2400,pop3,0.025924289657583557,0.1923263044316051,1
2400,pop4,0.025924289657583557,0.1923263044316051,1
2400,pop5,0.025924289657583557,0.1923263044316051,1
2400,pop6,0.025924289657583557,0.1923263044316051,1
2400,pop7,0.025924289657583557,0.1923263044316051,1
2500,pop0,0.030942599497269723,0.19449362528574854,1
2500,pop1,0.030942599497269723,0.19449362528574854,1
2500,pop2,0.030942599497269723,0.19449362528574854,1
2500,pop3,0.030942599497269723,0.19449362528574854,1
2500,pop4,0.030942599497269723,0.19449362528574854,1
2500,pop5,0.030942599497269723,0.19449362528574854,1
2500,pop6,0.030942599497269723,0.19449362528574854,1
2500,pop7,0.030942599497269723,0.19449362528574854,1
2600,pop0,0.04133768106024929,0.20422304712277534,1
2600,pop1,0.04133768106024929,0.20422304712277534,1
2600,pop2,0.04133768106024929,0.20422304712277534,1
2600,pop3,0.04133768106024929,0.20422304712277534,1
2600,pop4,0.04133768106024929,0.20422304712277534,1
2600,pop5,0.04133768106024929,0.20422304712277534,1
2600,pop6,0.04133768106024929,0.20422304712277534,1
2600,pop7,0.04133768106024929,0.20422304712277534,1
2700,pop0,0.04538151521872537,0.2033466782397786,1
2700,pop1,0.04538151521872537,0.2033466782397786,1
2700,pop2,0.04538151521872537,0.2033466782397786,1
2700,pop3,0.04538151521872537,0.2033466782397786,1
2700,pop4,0.04538151521872537,0.2033466782397786,1
2700,pop5,0.04538151521872537,0.2033466782397786,1
2700,pop6,0.04538151521872537,0.2033466782397786,1
2700,pop7,0.04538151521872537,0.2033466782397786,1
2800,pop0,0.049898357919518944,0.2038469544731993,1
2800,pop1,0.049898357919518944,0.2038469544731993,1
2800,pop2,0.049898357919518944,0.2038469544731993,1
2800,pop3,0.049898357919518944,0.2038469544731993,1
2800,pop4,0.049898357919518944,0.2038469544731993,1
2800,pop5,0.049898357919518944,0.2038469544731993,1
2800,pop6,0.049898357919518944,0.2038469544731993,1
2800,pop7,0.049898357919518944,0.2038469544731993,1
2900,pop0,0.05751818401862117,0.2077592184327287,1
2900,pop1,0.05751818401862117,0.2077592184327287,1
2900,pop2,0.05751818401862117,0.2077592184327287,1
2900,pop3,0.05751818401862117,0.2077592184327287,1
2900,pop4,0.05751818401862117,0.2077592184327287,1
2900,pop5,0.05751818401862117,0.2077592184327287,1
2900,pop6,0.05751818401862117,0.2077592184327287,1
2900,pop7,0.05751818401862117,0.2077592184327287,1
3000,pop0,0.06038687767630373,0.20767665514491787,1
3000,pop1,0.06038687767630373,0.20767665514491787,1
3000,pop2,0.06038687767630373,0.20767665514491787,1
3000,pop3,0.06038687767630373,0.20767665514491787,1
3000,pop4,0.06038687767630373,0.20767665514491787,1
3000,pop5,0.06038687767630373,0.20767665514491787,1
3000,pop6,0.06038687767630373,0.20767665514491787,1
3000,pop7,0.06038687767630373,0.20767665514491787,1
3100,pop0,0.06709714859477273,0.21230810705195438,1
3100,pop1,0.06709714859477273,0.21230810705195438,1
3100,pop2,0.06709714859477273,0.21230810705195438,1
3100,pop3,0.06709714859477273,0.21230810705195438,1
3100,pop4,0.06709714859477273,0.21230810705195438,1
3100,pop5,0.06709714859477273,0.21230810705195438,1
3100,pop6,0.06709714859477273,0.21230810705195438,1
3100,pop7,0.06709714859477273,0.21230810705195438,1
3200,pop0,0.07336853138695272,0.21784632280440333,1
3200,pop1,0.07336853138695272,0.21784632280440333,1
3200,pop2,0.07336853138695272,0.21784632280440333,1
3200,pop3,0.07336853138695272,0.21784632280440333,1
3200,pop4,0.07336853138695272,0.21784632280440333,1
3200,pop5,0.07336853138695272,0.21784632280440333,1
3200,pop6,0.07336853138695272,0.21784632280440333,1
3200,pop7,0.07336853138695272,0.21784632280440333,1
3300,pop0,0.079469469657397,0.22267069521758115,1
3300,pop1,0.079469469657397,0.22267069521758115,1
3300,pop2,0.079469469657397,0.22267069521758115,1
3300,pop3,0.079469469657397,0.22267069521758115,1
3300,pop4,0.079469469657397,0.22267069521758115,1
3300,pop5,0.079469469657397,0.22267069521758115,1
3300,pop6,0.079469469657397,0.22267069521758115,1
3300,pop7,0.079469469657397,0.22267069521758115,1
3400,pop0,0.08558010184037401,0.23218379355957283,1
3400,pop1,0.08558010184037401,0.23218379355957283,1
3400,pop2,0.08558010184037401,0.23218379355957283,1
3400,pop3,0.08558010184037401,0.23218379355957283,1
3400,pop4,0.08558010184037401,0.23218379355957283,1
3400,pop5,0.08558010184037401,0.23218379355957283,1
3400,pop6,0.08558010184037401,0.23218379355957283,1
3400,pop7,0.08558010184037401,0.23218379355957283,1
3500,pop0,0.08943681621144907,0.23795167221686145,1
3500,pop1,0.08943681621144907,0.23795167221686145,1
3500,pop2,0.08943681621144907,0.23795167221686145,1
3500,pop3,0.08943681621144907,0.23795167221686145,1
3500,pop4,0.08943681621144907,0.23795167221686145,1
3500,pop5,0.08943681621144907,0.23795167221686145,1
3500,pop6,0.08943681621144907,0.23795167221686145,1
3500,pop7,0.08943681621144907,0.23795167221686145,1
3600,pop0,0.09478181055820901,0.2456191012573211,1
3600,pop1,0.09478181055820901,0.2456191012573211,1
3600,pop2,0.09478181055820901,0.2456191012573211,1
3600,pop3,0.09478181055820901,0.2456191012573211,1
3600,pop4,0.09478181055820901,0.2456191012573211,1
3600,pop5,0.09478181055820901,0.2456191012573211,1
3600,pop6,0.09478181055820901,0.2456191012573211,1
3600,pop7,0.09478181055820901,0.2456191012573211,1
3700,pop0,0.09848094504022661,0.25115681588588623,1
3700,pop1,0.09848094504022661,0.25115681588588623,1
3700,pop2,0.09848094504022661,0.25115681588588623,1
3700,pop3,0.09848094504022661,0.25115681588588623,1
3700,pop4,0.09848094504022661,0.25115681588588623,1
3700,pop5,0.09848094504022661,0.25115681588588623,1
3700,pop6,0.09848094504022661,0.25115681588588623,1
3700,pop7,0.09848094504022661,0.25115681588588623,1
3800,pop0,0.09868784876538718,0.2506721177235807,1
3800,pop1,0.09868784876538718,0.2506721177235807,1
3800,pop2,0.09868784876538718,0.2506721177235807,1
3800,pop3,0.09868784876538718,0.2506721177235807,1
3800,pop4,0.09868784876538718,0.2506721177235807,1
3800,pop5,0.09868784876538718,0.2506721177235807,1
3800,pop6,0.09868784876538718,0.2506721177235807,1
3800,pop7,0.09868784876538718,0.2506721177235807,1
3900,pop0,0.10124035918433204,0.2496138365901394,1
3900,pop1,0.10124035918433204,0.2496138365901394,1
3900,pop2,0.10124035918433204,0.2496138365901394,1
3900,pop3,0.10124035918433204,0.2496138365901394,1
3900,pop4,0.10124035918433204,0.2496138365901394,1
3900,pop5,0.10124035918433204,0.2496138365901394,1
3900,pop6,0.10124035918433204,0.2496138365901394,1
3900,pop7,0.10124035918433204,0.2496138365901394,1
4000,pop0,0.10359545677071534,0.24946975509075123,1
4000,pop1,0.10359545677071534,0.24946975509075123,1
4000,pop2,0.10359545677071534,0.24946975509075123,1
4000,pop3,0.10359545677071534,0.24946975509075123,1
4000,pop4,0.10359545677071534,0.24946975509075123,1
4000,pop5,0.10359545677071534,0.24946975509075123,1
4000,pop6,0.10359545677071534,0.24946975509075123,1
4000,pop7,0.10359545677071534,0.24946975509075123,1
4100,pop0,0.10613507634942235,0.24843455405990703,1
4100,pop1,0.10613507634942235,0.24843455405990703,1
4100,pop2,0.10613507634942235,0.24843455405990703,1
4100,pop3,0.10613507634942235,0.24843455405990703,1
4100,pop4,0.10613507634942235,0.24843455405990703,1
4100,pop5,0.10613507634942235,0.24843455405990703,1
4100,pop6,0.10613507634942235,0.24843455405990703,1
4100,pop7,0.10613507634942235,0.24843455405990703,1
4200,pop0,0.1080541969355132,0.2449441920695579,1
4200,pop1,0.1080541969355132,0.2449441920695579,1
4200,pop2,0.1080541969355132,0.2449441920695579,1
4200,pop3,0.1080541969355132,0.2449441920695579,1
4200,pop4,0.1080541969355132,0.2449441920695579,1
4200,pop5,0.1080541969355132,0.2449441920695579,1
4200,pop6,0.1080541969355132,0.2449441920695579,1
4200,pop7,0.1080541969355132,0.2449441920695579,1
4300,pop0,0.11250857849758591,0.2419854514188559,1
4300,pop1,0.11250857849758591,0.2419854514188559,1
4300,pop2,0.11250857849758591,0.2419854514188559,1
4300,pop3,0.11250857849758591,0.2419854514188559,1
4300,pop4,0.11250857849758591,0.2419854514188559,1
4300,pop5,0.11250857849758591,0.2419854514188559,1
4300,pop6,0.11250857849758591,0.2419854514188559,1
4300,pop7,0.11250857849758591,0.2419854514188559,1
4400,pop0,0.1135462149530655,0.23555777895893135,1
4400,pop1,0.1135462149530655,0.23555777895893135,1
4400,pop2,0.1135462149530655,0.23555777895893135,1
4400,pop3,0.1135462149530655,0.23555777895893135,1
4400,pop4,0.1135462149530655,0.23555777895893135,1
4400,pop5,0.1135462149530655,0.23555777895893135,1
4400,pop6,0.1135462149530655,0.23555777895893135,1
4400,pop7,0.1135462149530655,0.23555777895893135,1
4500,pop0,0.1144985978115545,0.2295328580034772,1
4500,pop1,0.1144985978115545,0.2295328580034772,1
4500,pop2,0.1144985978115545,0.2295328580034772,1
4500,pop3,0.1144985978115545,0.2295328580034772,1
4500,pop4,0.1144985978115545,0.2295328580034772,1
4500,pop5,0.1144985978115545,0.2295328580034772,1
4500,pop6,0.1144985978115545,0.2295328580034772,1
4500,pop7,0.1144985978115545,0.2295328580034772,1
4600,pop0,0.11545322912299776,0.22740980912609726,1
4600,pop1,0.11545322912299776,0.22740980912609726,1
4600,pop2,0.11545322912299776,0.22740980912609726,1
4600,pop3,0.11545322912299776,0.22740980912609726,1
4600,pop4,0.11545322912299776,0.22740980912609726,1
4600,pop5,0.11545322912299776,0.22740980912609726,1
4600,pop6,0.11545322912299776,0.22740980912609726,1
4600,pop7,0.11545322912299776,0.22740980912609726,1
4700,pop0,0.11431436828799808,0.22197539034496389,1
4700,pop1,0.11431436828799808,0.22197539034496389,1
4700,pop2,0.11431436828799808,0.22197539034496389,1
4700,pop3,0.11431436828799808,0.22197539034496389,1
4700,pop4,0.11431436828799808,0.22197539034496389,1
4700,pop5,0.11431436828799808,0.22197539034496389,1
4700,pop6,0.11431436828799808,0.22197539034496389,1
4700,pop7,0.11431436828799808,0.22197539034496389,1
4800,pop0,0.11170241125074996,0.21488000626893142,1
4800,pop1,0.11170241125074996,0.21488000626893142,1
4800,pop2,0.11170241125074996,0.21488000626893142,1
4800,pop3,0.11170241125074996,0.21488000626893142,1
4800,pop4,0.11170241125074996,0.21488000626893142,1
4800,pop5,0.11170241125074996,0.21488000626893142,1
4800,pop6,0.11170241125074996,0.21488000626893142,1
4800,pop7,0.11170241125074996,0.21488000626893142,1
4900,pop0,0.11298347874449659,0.2106966344357378,1
4900,pop1,0.11298347874449659,0.2106966344357378,1
4900,pop2,0.11298347874449659,0.2106966344357378,1
4900,pop3,0.11298347874449659,0.2106966344357378,1
4900,pop4,0.11298347874449659,0.2106966344357378,1
4900,pop5,0.11298347874449659,0.2106966344357378,1
4900,pop6,0.11298347874449659,0.2106966344357378,1
4900,pop7,0.11298347874449659,0.2106966344357378,1
5000,pop0,0.11192569863632312,0.2072821111559725,1
5000,pop1,0.11192569863632312,0.2072821111559725,1
5000,pop2,0.11192569863632312,0.2072821111559725,1
5000,pop3,0.11192569863632312,0.2072821111559725,1
5000,pop4,0.11192569863632312,0.2072821111559725,1
5000,pop5,0.11192569863632312,0.2072821111559725,1
5000,pop6,0.11192569863632312,0.2072821111559725,1
5000,pop7,0.11192569863632312,0.2072821111559725,1
5100,pop0,0.11169719266582397,0.20525873386056862,1
5100,pop1,0.11169719266582397,0.20525873386056862,1
5100,pop2,0.11169719266582397,0.20525873386056862,1
5100,pop3,0.11169719266582397,0.20525873386056862,1
5100,pop4,0.11169719266582397,0.20525873386056862,1
5100,pop5,0.11169719266582397,0.20525873386056862,1
5100,pop6,0.11169719266582397,0.20525873386056862,1
5100,pop7,0.11169719266582397,0.20525873386056862,1
5200,pop0,0.11095358695888517,0.202710256685495,1
5200,pop1,0.11095358695888517,0.202710256685495,1
5200,pop2,0.11095358695888517,0.202710256685495,1
5200,pop3,0.11095358695888517,0.202710256685495,1
5200,pop4,0.11095358695888517,0.202710256685495,1
5200,pop5,0.11095358695888517,0.202710256685495,1
5200,pop6,0.11095358695888517,0.202710256685495,1
5200,pop7,0.11095358695888517,0.202710256685495,1
5300,pop0,0.11172467449727093,0.202626501388924,1
5300,pop1,0.11172467449727093,0.202626501388924,1
5300,pop2,0.11172467449727093,0.202626501388924,1
5300,pop3,0.11172467449727093,0.202626501388924,1
5300,pop4,0.11172467449727093,0.202626501388924,1
5300,pop5,0.11172467449727093,0.202626501388924,1
5300,pop6,0.11172467449727093,0.202626501388924,1
5300,pop7,0.11172467449727093,0.202626501388924,1
5400,pop0,0.11183929684494517,0.20152999050831272,1
5400,pop1,0.11183929684494517,0.20152999050831272,1
5400,pop2,0.11183929684494517,0.20152999050831272,1
5400,pop3,0.11183929684494517,0.20152999050831272,1
5400,pop4,0.11183929684494517,0.20152999050831272,1
5400,pop5,0.11183929684494517,0.20152999050831272,1
5400,pop6,0.11183929684494517,0.20152999050831272,1
5400,pop7,0.11183929684494517,0.20152999050831272,1
5500,pop0,0.11333845900400631,0.20006451837731426,1
5500,pop1,0.11333845900400631,0.20006451837731426,1
5500,pop2,0.11333845900400631,0.20006451837731426,1
5500,pop3,0.11333845900400631,0.20006451837731426,1
5500,pop4,0.11333845900400631,0.20006451837731426,1
5500,pop5,0.11333845900400631,0.20006451837731426,1
5500,pop6,0.11333845900400631,0.20006451837731426,1
5500,pop7,0.11333845900400631,0.20006451837731426,1
5600,pop0,0.11318437297156846,0.20072321670067086,1
5600,pop1,0.11318437297156846,0.20072321670067086,1
5600,pop2,0.11318437297156846,0.20072321670067086,1
5600,pop3,0.11318437297156846,0.20072321670067086,1
5600,pop4,0.11318437297156846,0.20072321670067086,1
5600,pop5,0.11318437297156846,0.20072321670067086,1
5600,pop6,0.11318437297156846,0.20072321670067086,1
5600,pop7,0.11318437297156846,0.20072321670067086,1
5700,pop0,0.11103991011947448,0.1985886198553193,1
5700,pop1,0.11103991011947448,0.1985886198553193,1
5700,pop2,0.11103991011947448,0.1985886198553193,1
5700,pop3,0.11103991011947448,0.1985886198553193,1
5700,pop4,0.11103991011947448,0.1985886198553193,1
5700,pop5,0.11103991011947448,0.1985886198553193,1
5700,pop6,0.11103991011947448,0.1985886198553193,1
5700,pop7,0.11103991011947448,0.1985886198553193,1
5800,pop0,0.10815711285836892,0.19544148129254163,1
5800,pop1,0.10815711285836892,0.19544148129254163,1
5800,pop2,0.10815711285836892,0.19544148129254163,1
5800,pop3,0.10815711285836892,0.19544148129254163,1
5800,pop4,0.10815711285836892,0.19544148129254163,1
5800,pop5,0.10815711285836892,0.19544148129254163,1
5800,pop6,0.10815711285836892,0.19544148129254163,1
5800,pop7,0.10815711285836892,0.19544148129254163,1
5900,pop0,0.10624823498127912,0.19207728511466451,1
5900,pop1,0.10624823498127912,0.19207728511466451,1
5900,pop2,0.10624823498127912,0.19207728511466451,1
5900,pop3,0.10624823498127912,0.19207728511466451,1
5900,pop4,0.10624823498127912,0.19207728511466451,1
5900,pop5,0.10624823498127912,0.19207728511466451,1
5900,pop6,0.10624823498127912,0.19207728511466451,1
5900,pop7,0.10624823498127912,0.19207728511466451,1
6000,pop0,0.10275129960226738,0.18826624434388003,1
6000,pop1,0.10275129960226738,0.18826624434388003,1
6000,pop2,0.10275129960226738,0.18826624434388003,1
6000,pop3,0.10275129960226738,0.18826624434388003,1
6000,pop4,0.10275129960226738,0.18826624434388003,1
6000,pop5,0.10275129960226738,0.18826624434388003,1
6000,pop6,0.10275129960226738,0.18826624434388003,1
6000,pop7,0.10275129960226738,0.18826624434388003,1
6100,pop0,0.10103059571737659,0.18753646570817029,1
6100,pop1,0.10103059571737659,0.18753646570817029,1
6100,pop2,0.10103059571737659,0.18753646570817029,1
6100,pop3,0.10103059571737659,0.18753646570817029,1
6100,pop4,0.10103059571737659,0.18753646570817029,1
6100,pop5,0.10103059571737659,0.18753646570817029,1
6100,pop6,0.10103059571737659,0.18753646570817029,1
6100,pop7,0.10103059571737659,0.18753646570817029,1
6200,pop0,0.096878707512114,0.18506826630586903,1
6200,pop1,0.096878707512114,0.18506826630586903,1
6200,pop2,0.096878707512114,0.18506826630586903,1
6200,pop3,0.096878707512114,0.18506826630586903,1
6200,pop4,0.096878707512114,0.18506826630586903,1
6200,pop5,0.096878707512114,0.18506826630586903,1
6200,pop6,0.096878707512114,0.18506826630586903,1
6200,pop7,0.096878707512114,0.18506826630586903,1
6300,pop0,0.0908742003335041,0.17839650245993943,1
6300,pop1,0.0908742003335041,0.17839650245993943,1
6300,pop2,0.0908742003335041,0.17839650245993943,1
6300,pop3,0.0908742003335041,0.17839650245993943,1
6300,pop4,0.0908742003335041,0.17839650245993943,1
6300,pop5,0.0908742003335041,0.17839650245993943,1
6300,pop6,0.0908742003335041,0.17839650245993943,1
6300,pop7,0.0908742003335041,0.17839650245993943,1
6400,pop0,0.08379124994404465,0.16701394308556503,1
6400,pop1,0.08379124994404465,0.16701394308556503,1
6400,pop2,0.08379124994404465,0.16701394308556503,1
6400,pop3,0.08379124994404465,0.16701394308556503,1
6400,pop4,0.08379124994404465,0.16701394308556503,1
6400,pop5,0.08379124994404465,0.16701394308556503,1
6400,pop6,0.08379124994404465,0.16701394308556503,1
6400,pop7,0.08379124994404465,0.16701394308556503,1
6500,pop0,0.07670284212303084,0.1580622514007485,1
6500,pop1,0.07670284212303084,0.1580622514007485,1
6500,pop2,0.07670284212303084,0.1580622514007485,1
6500,pop3,0.07670284212303084,0.1580622514007485,1
6500,pop4,0.07670284212303084,0.1580622514007485,1
6500,pop5,0.07670284212303084,0.1580622514007485,1
6500,pop6,0.07670284212303084,0.1580622514007485,1
6500,pop7,0.07670284212303084,0.1580622514007485,1
6600,pop0,0.07037025222271047,0.14903996444318957,1
6600,pop1,0.07037025222271047,0.14903996444318957,1
6600,pop2,0.07037025222271047,0.14903996444318957,1
6600,pop3,0.07037025222271047,0.14903996444318957,1
6600,pop4,0.07037025222271047,0.14903996444318957,1
6600,pop5,0.07037025222271047,0.14903996444318957,1
6600,pop6,0.07037025222271047,0.14903996444318957,1
6600,pop7,0.07037025222271047,0.14903996444318957,1
6700,pop0,0.06665916093855342,0.14235017808997652,1
6700,pop1,0.06665916093855342,0.14235017808997652,1
6700,pop2,0.06665916093855342,0.14235017808997652,1
6700,pop3,0.06665916093855342,0.14235017808997652,1
6700,pop4,0.06665916093855342,0.14235017808997652,1
6700,pop5,0.06665916093855342,0.14235017808997652,1
6700,pop6,0.06665916093855342,0.14235017808997652,1
6700,pop7,0.06665916093855342,0.14235017808997652,1
6800,pop0,0.059600982716506205,0.13281326961325365,1
6800,pop1,0.059600982716506205,0.13281326961325365,1
6800,pop2,0.059600982716506205,0.13281326961325365,1
6800,pop3,0.059600982716506205,0.13281326961325365,1
6800,pop4,0.059600982716506205,0.13281326961325365,1
6800,pop5,0.059600982716506205,0.13281326961325365,1
6800,pop6,0.059600982716506205,0.13281326961325365,1
6800,pop7,0.059600982716506205,0.13281326961325365,1
6900,pop0,0.05178556124531827,0.12393156859404583,1
6900,pop1,0.05178556124531827,0.12393156859404583,1
6900,pop2,0.05178556124531827,0.12393156859404583,1
6900,pop3,0.05178556124531827,0.12393156859404583,1
6900,pop4,0.05178556124531827,0.12393156859404583,1
6900,pop5,0.05178556124531827,0.12393156859404583,1
6900,pop6,0.05178556124531827,0.12393156859404583,1
6900,pop7,0.05178556124531827,0.12393156859404583,1
7000,pop0,0.04579684274938564,0.11726850837635032,1
7000,pop1,0.04579684274938564,0.11726850837635032,1
7000,pop2,0.04579684274938564,0.11726850837635032,1
7000,pop3,0.04579684274938564,0.11726850837635032,1
7000,pop4,0.04579684274938564,0.11726850837635032,1
7000,pop5,0.04579684274938564,0.11726850837635032,1
7000,pop6,0.04579684274938564,0.11726850837635032,1
7000,pop7,0.04579684274938564,0.11726850837635032,1
7100,pop0,0.03918213401721843,0.11009975291496653,1
7100,pop1,0.03918213401721843,0.11009975291496653,1
7100,pop2,0.03918213401721843,0.11009975291496653,1
7100,pop3,0.03918213401721843,0.11009975291496653,1
7100,pop4,0.03918213401721843,0.11009975291496653,1
7100,pop5,0.03918213401721843,0.11009975291496653,1
7100,pop6,0.03918213401721843,0.11009975291496653,1
7100,pop7,0.03918213401721843,0.11009975291496653,1
7200,pop0,0.03662524051071894,0.10226268528662881,1
7200,pop1,0.03662524051071894,0.10226268528662881,1
7200,pop2,0.03662524051071894,0.10226268528662881,1
7200,pop3,0.03662524051071894,0.10226268528662881,1
7200,pop4,0.03662524051071894,0.10226268528662881,1
7200,pop5,0.03662524051071894,0.10226268528662881,1
7200,pop6,0.03662524051071894,0.10226268528662881,1
7200,pop7,0.03662524051071894,0.10226268528662881,1
7300,pop0,0.03288488278895578,0.09383415645521295,1
7300,pop1,0.03288488278895578,0.09383415645521295,1
7300,pop2,0.03288488278895578,0.09383415645521295,1
7300,pop3,0.03288488278895578,0.09383415645521295,1
7300,pop4,0.03288488278895578,0.09383415645521295,1
7300,pop5,0.03288488278895578,0.09383415645521295,1
7300,pop6,0.03288488278895578,0.09383415645521295,1
7300,pop7,0.03288488278895578,0.09383415645521295,1
7400,pop0,0.028849014086992177,0.08474992994644326,1
7400,pop1,0.028849014086992177,0.08474992994644326,1
7400,pop2,0.028849014086992177,0.08474992994644326,1
7400,pop3,0.028849014086992177,0.08474992994644326,1
7400,pop4,0.028849014086992177,0.08474992994644326,1
7400,pop5,0.028849014086992177,0.08474992994644326,1
7400,pop6,0.028849014086992177,0.08474992994644326,1
7400,pop7,0.028849014086992177,0.08474992994644326,1
7500,pop0,0.026307643843332482,0.07777978823315711,1
7500,pop1,0.026307643843332482,0.07777978823315711,1
7500,pop2,0.026307643843332482,0.07777978823315711,1
7500,pop3,0.026307643843332482,0.07777978823315711,1
7500,pop4,0.026307643843332482,0.07777978823315711,1
7500,pop5,0.026307643843332482,0.07777978823315711,1
7500,pop6,0.026307643843332482,0.07777978823315711,1
7500,pop7,0.026307643843332482,0.07777978823315711,1
7600,pop0,0.022955374656102662,0.07280462425908797,1
7600,pop1,0.022955374656102662,0.07280462425908797,1
7600,pop2,0.022955374656102662,0.07280462425908797,1
7600,pop3,0.022955374656102662,0.07280462425908797,1
7600,pop4,0.022955374656102662,0.07280462425908797,1
7600,pop5,0.022955374656102662,0.07280462425908797,1
7600,pop6,0.022955374656102662,0.07280462425908797,1
7600,pop7,0.022955374656102662,0.07280462425908797,1
7700,pop0,0.021281354435377722,0.0714366041091739,1
7700,pop1,0.021281354435377722,0.0714366041091739,1
7700,pop2,0.021281354435377722,0.0714366041091739,1
7700,pop3,0.021281354435377722,0.0714366041091739,1
7700,pop4,0.021281354435377722,0.0714366041091739,1
7700,pop5,0.021281354435377722,0.0714366041091739,1
7700,pop6,0.021281354435377722,0.0714366041091739,1
7700,pop7,0.021281354435377722,0.0714366041091739,1
7800,pop0,0.019713845580770713,0.07019233694527749,1
7800,pop1,0.019713845580770713,0.07019233694527749,1
7800,pop2,0.019713845580770713,0.07019233694527749,1
7800,pop3,0.019713845580770713,0.07019233694527749,1
7800,pop4,0.019713845580770713,0.07019233694527749,1
7800,pop5,0.019713845580770713,0.07019233694527749,1
7800,pop6,0.019713845580770713,0.07019233694527749,1
7800,pop7,0.019713845580770713,0.07019233694527749,1
7900,pop0,0.017184898645681197,0.06665171015626532,1
7900,pop1,0.017184898645681197,0.06665171015626532,1
7900,pop2,0.017184898645681197,0.06665171015626532,1
7900,pop3,0.017184898645681197,0.06665171015626532,1
7900,pop4,0.017184898645681197,0.06665171015626532,1
7900,pop5,0.017184898645681197,0.06665171015626532,1
7900,pop6,0.017184898645681197,0.06665171015626532,1
7900,pop7,0.017184898645681197,0.06665171015626532,1
8000,pop0,0.014888025366307662,0.061837933054848096,1
8000,pop1,0.014888025366307662,0.061837933054848096,1
8000,pop2,0.014888025366307662,0.061837933054848096,1
8000,pop3,0.014888025366307662,0.061837933054848096,1
8000,pop4,0.014888025366307662,0.061837933054848096,1
8000,pop5,0.014888025366307662,0.061837933054848096,1
8000,pop6,0.014888025366307662,0.061837933054848096,1
8000,pop7,0.014888025366307662,0.061837933054848096,1
8100,pop0,0.013048628297528033,0.055265732103624926,1
8100,pop1,0.013048628297528033,0.055265732103624926,1
8100,pop2,0.013048628297528033,0.055265732103624926,1
8100,pop3,0.013048628297528033,0.055265732103624926,1
8100,pop4,0.013048628297528033,0.055265732103624926,1
8100,pop5,0.013048628297528033,0.055265732103624926,1
8100,pop6,0.013048628297528033,0.055265732103624926,1
8100,pop7,0.013048628297528033,0.055265732103624926,1
8200,pop0,0.011384877157600413,0.04811009906515237,1
8200,pop1,0.011384877157600413,0.04811009906515237,1
8200,pop2,0.011384877157600413,0.04811009906515237,1
8200,pop3,0.011384877157600413,0.04811009906515237,1
8200,pop4,0.011384877157600413,0.04811009906515237,1
8200,pop5,0.011384877157600413,0.04811009906515237,1
8200,pop6,0.011384877157600413,0.04811009906515237,1
8200,pop7,0.011384877157600413,0.04811009906515237,1
8300,pop0,0.011200902990160418,0.045794405565939944,1
8300,pop1,0.011200902990160418,0.045794405565939944,1
8300,pop2,0.011200902990160418,0.045794405565939944,1
8300,pop3,0.011200902990160418,0.045794405565939944,1
8300,pop4,0.011200902990160418,0.045794405565939944,1
8300,pop5,0.011200902990160418,0.045794405565939944,1
8300,pop6,0.011200902990160418,0.045794405565939944,1
8300,pop7,0.011200902990160418,0.045794405565939944,1
8400,pop0,0.011010156807400423,0.048820850433305696,1
8400,pop1,0.011010156807400423,0.048820850433305696,1
8400,pop2,0.011010156807400423,0.048820850433305696,1
8400,pop3,0.011010156807400423,0.048820850433305696,1
8400,pop4,0.011010156807400423,0.048820850433305696,1
8400,pop5,0.011010156807400423,0.048820850433305696,1
8400,pop6,0.011010156807400423,0.048820850433305696,1
8400,pop7,0.011010156807400423,0.048820850433305696,1
8500,pop0,0.010740489703380924,0.053020604907143595,1
8500,pop1,0.010740489703380924,0.053020604907143595,1
8500,pop2,0.010740489703380924,0.053020604907143595,1
8500,pop3,0.010740489703380924,0.053020604907143595,1
8500,pop4,0.010740489703380924,0.053020604907143595,1
8500,pop5,0.010740489703380924,0.053020604907143595,1
8500,pop6,0.010740489703380924,0.053020604907143595,1
8500,pop7,0.010740489703380924,0.053020604907143595,1
8600,pop0,0.012041470545672442,0.05897946371763785,1
8600,pop1,0.012041470545672442,0.05897946371763785,1
8600,pop2,0.012041470545672442,0.05897946371763785,1
8600,pop3,0.012041470545672442,0.05897946371763785,1
8600,pop4,0.012041470545672442,0.05897946371763785,1
8600,pop5,0.012041470545672442,0.05897946371763785,1
8600,pop6,0.012041470545672442,0.05897946371763785,1
8600,pop7,0.012041470545672442,0.05897946371763785,1
8700,pop0,0.011102969049173609,0.06349258379552777,1
8700,pop1,0.011102969049173609,0.06349258379552777,1
8700,pop2,0.011102969049173609,0.06349258379552777,1
8700,pop3,0.011102969049173609,0.06349258379552777,1
8700,pop4,0.011102969049173609,0.06349258379552777,1
8700,pop5,0.011102969049173609,0.06349258379552777,1
8700,pop6,0.011102969049173609,0.06349258379552777,1
8700,pop7,0.011102969049173609,0.06349258379552777,1
8800,pop0,0.010757712388166186,0.07185653877872093,1
8800,pop1,0.010757712388166186,0.07185653877872093,1
8800,pop2,0.010757712388166186,0.07185653877872093,1
8800,pop3,0.010757712388166186,0.07185653877872093,1
8800,pop4,0.010757712388166186,0.07185653877872093,1
8800,pop5,0.010757712388166186,0.07185653877872093,1
8800,pop6,0.010757712388166186,0.07185653877872093,1
8800,pop7,0.010757712388166186,0.07185653877872093,1
8900,pop0,0.009412534077824946,0.080413254656721,1
8900,pop1,0.009412534077824946,0.080413254656721,1
8900,pop2,0.009412534077824946,0.080413254656721,1
8900,pop3,0.009412534077824946,0.080413254656721,1
8900,pop4,0.009412534077824946,0.080413254656721,1
8900,pop5,0.009412534077824946,0.080413254656721,1
8900,pop6,0.009412534077824946,0.080413254656721,1
8900,pop7,0.009412534077824946,0.080413254656721,1
9000,pop0,0.009053181003434283,0.0898991532074905,1
9000,pop1,0.009053181003434283,0.0898991532074905,1
9000,pop2,0.009053181003434283,0.0898991532074905,1
9000,pop3,0.009053181003434283,0.0898991532074905,1
9000,pop4,0.009053181003434283,0.0898991532074905,1
9000,pop5,0.009053181003434283,0.0898991532074905,1
9000,pop6,0.009053181003434283,0.0898991532074905,1
9000,pop7,0.009053181003434283,0.0898991532074905,1
9100,pop0,0.008709486340225062,0.10052152545505873,1
9100,pop1,0.008709486340225062,0.10052152545505873,1
9100,pop2,0.008709486340225062,0.10052152545505873,1
9100,pop3,0.008709486340225062,0.10052152545505873,1
9100,pop4,0.008709486340225062,0.10052152545505873,1
9100,pop5,0.008709486340225062,0.10052152545505873,1
9100,pop6,0.008709486340225062,0.10052152545505873,1
9100,pop7,0.008709486340225062,0.10052152545505873,1
9200,pop0,0.008934319705801495,0.11274590498639098,1
9200,pop1,0.008934319705801495,0.11274590498639098,1
9200,pop2,0.008934319705801495,0.11274590498639098,1
9200,pop3,0.008934319705801495,0.11274590498639098,1
9200,pop4,0.008934319705801495,0.11274590498639098,1
9200,pop5,0.008934319705801495,0.11274590498639098,1
9200,pop6,0.008934319705801495,0.11274590498639098,1
9200,pop7,0.008934319705801495,0.11274590498639098,1
9300,pop0,0.00811030862408876,0.12328455403586801,1
9300,pop1,0.00811030862408876,0.12328455403586801,1
9300,pop2,0.00811030862408876,0.12328455403586801,1
9300,pop3,0.00811030862408876,0.12328455403586801,1
9300,pop4,0.00811030862408876,0.12328455403586801,1
9300,pop5,0.00811030862408876,0.12328455403586801,1
9300,pop6,0.00811030862408876,0.12328455403586801,1
9300,pop7,0.00811030862408876,0.12328455403586801,1
9400,pop0,0.008021076445219844,0.13766182042261424,1
9400,pop1,0.008021076445219844,0.13766182042261424,1
9400,pop2,0.008021076445219844,0.13766182042261424,1
9400,pop3,0.008021076445219844,0.13766182042261424,1
9400,pop4,0.008021076445219844,0.13766182042261424,1
9400,pop5,0.008021076445219844,0.13766182042261424,1
9400,pop6,0.008021076445219844,0.13766182042261424,1
9400,pop7,0.008021076445219844,0.13766182042261424,1
